variant,coverage,runs,params,acc_dec,precision_dec,recall_dec,f1_dec,acc_bub,decisions,bubbles
emb8_g8_e8_mean,20,5,489,0.5848450057405281,0.5879418690104237,0.995486555050491,0.7384382945301037,0.5715006305170239,4355,3965
emb8_g8_e16_mean,20,5,673,0.5949483352468428,0.5988322754228901,0.996544154509564,0.7474914326225576,0.5788146279949559,4355,3965
emb8_g8_e32_mean,20,5,1041,0.6176808266360505,0.6209466013706211,0.9958323290911432,0.7641901047791492,0.5992433795712484,4355,3965
emb8_g8_e64_mean,20,5,1777,0.6167623421354764,0.6197128352621767,0.9951211191862058,0.7629275177640806,0.5992433795712484,4355,3965
emb8_g8_e128_mean,20,5,3249,0.6206659012629162,0.62426568761757,0.9970412450620325,0.7670854463631468,0.6025220680958386,4355,3965
emb8_g8_e256_mean,20,5,6193,0.6261768082663605,0.6299811595967945,0.9988669571886185,0.772174596845981,0.6083228247162673,4355,3965
emb8_g16_e8_mean,20,5,897,0.5997703788748565,0.6032238976457377,0.996472879784627,0.7508560362388054,0.5833543505674653,4355,3965
emb8_g16_e16_mean,20,5,1209,0.5965556831228473,0.5999535473193416,0.99596111254013,0.7480979515053726,0.5823455233291299,4355,3965
emb8_g16_e32_mean,20,5,1833,0.6101033295063146,0.6137971606219715,0.9983746476569808,0.7596134257704072,0.5914249684741488,4355,3965
emb8_g16_e64_mean,20,5,3081,0.6204362801377726,0.6239810810495151,0.9966065688873019,0.766854209524127,0.603530895334174,4355,3965
emb8_g16_e128_mean,20,5,5577,0.6252583237657865,0.6285057991877565,0.9978015117746846,0.7706644578956394,0.6078184110970997,4355,3965
emb8_g16_e256_mean,20,5,10569,0.6289322617680827,0.6320745553469098,0.9984992573820382,0.7736726885630595,0.6121059268600252,4355,3965
emb8_g32_e8_mean,20,5,2097,0.5993111366245695,0.6030125328840181,0.9968675886976118,0.7510798245124969,0.5818411097099622,4355,3965
emb8_g32_e16_mean,20,5,2665,0.6055109070034443,0.608803549569545,0.9972117856363109,0.7555168072861712,0.5909205548549811,4355,3965
emb8_g32_e32_mean,20,5,3801,0.6151549942594718,0.6183423443365534,0.9965507065322171,0.7627420583334161,0.5984867591424968,4355,3965
emb8_g32_e64_mean,20,5,6073,0.6234213547646383,0.6263733303498616,0.9961546853524014,0.7688065647597331,0.6080706179066835,4355,3965
emb8_g32_e128_mean,20,5,10617,0.6231917336394949,0.6264697198829347,0.9980947139148345,0.7694332126747376,0.6058007566204288,4355,3965
emb8_g32_e256_mean,20,5,19705,0.6247990815154995,0.6276330827326984,0.9973078154805131,0.7700114380563978,0.6085750315258512,4355,3965
emb8_g64_e8_mean,20,5,6033,0.6036739380022962,0.6076537722101063,0.9972284040951811,0.7548227950755014,0.592938209331652,4355,3965
emb8_g64_e16_mean,20,5,7113,0.5997703788748565,0.6032078081405571,0.9964421800206366,0.7511157522402958,0.5861286254728878,4355,3965
emb8_g64_e32_mean,20,5,9273,0.6135476463834673,0.6167220754220829,0.9961437621994396,0.7614903654130425,0.598234552332913,4355,3965
emb8_g64_e64_mean,20,5,13593,0.6179104477611941,0.6202422574217541,0.9958651281191794,0.7638961738357513,0.6020176544766709,4355,3965
emb8_g64_e128_mean,20,5,22233,0.6206659012629162,0.6238108644606601,0.9969883658727768,0.7669139996274444,0.6055485498108449,4355,3965
emb8_g64_e256_mean,20,5,39513,0.6227324913892078,0.6260350098663224,0.9965000942292886,0.7684841493010897,0.6045397225725094,4355,3965
emb8_g128_e8_mean,20,5,20049,0.5970149253731343,0.6009835376984369,0.9973200595613739,0.7497389791975022,0.5891551071878941,4355,3965
emb8_g128_e16_mean,20,5,22153,0.6020665901262916,0.6053815227530369,0.995982562629568,0.7523672755032393,0.5891551071878941,4355,3965
emb8_g128_e32_mean,20,5,26361,0.609873708381171,0.6140222352169158,0.9976713085403924,0.7596735061944414,0.5939470365699874,4355,3965
emb8_g128_e64_mean,20,5,34777,0.6153846153846154,0.6189713538659806,0.9967928868757208,0.763183998995781,0.6027742749054225,4355,3965
emb8_g128_e128_mean,20,5,51609,0.6082663605051665,0.6114082509151496,0.9968118523929106,0.757435822398659,0.5939470365699874,4355,3965
emb8_g128_e256_mean,20,5,85273,0.6117106773823192,0.6150425553728248,0.9971851591021927,0.7603672797707759,0.5994955863808323,4355,3965
emb8_g256_e8_mean,20,5,72657,0.5850746268656717,0.5880943675722069,0.9956720663906454,0.7388196946251662,0.5722572509457755,4355,3965
emb8_g256_e16_mean,20,5,76809,0.5857634902411022,0.5887368687810541,0.9958410715070096,0.7395680366979672,0.5745271122320302,4355,3965
emb8_g256_e32_mean,20,5,85113,0.5977037887485649,0.600903658110881,0.9959509437989416,0.7489748991475312,0.5891551071878941,4355,3965
emb8_g256_e64_mean,20,5,101721,0.6110218140068886,0.6144294153970498,0.9960711264779899,0.759350191553375,0.5969735182849937,4355,3965
emb8_g256_e128_mean,20,5,134937,0.6110218140068886,0.6147867736494236,0.9972076346635654,0.7599307915710926,0.5962168978562421,4355,3965
emb8_g256_e256_mean,20,5,201369,0.6064293915040184,0.6096182803501294,0.9970357814084074,0.7556683278787024,0.592938209331652,4355,3965
emb16_g8_e8_mean,20,5,705,0.5754305396096441,0.578465622805196,0.9962993489187993,0.7306932031737046,0.5604035308953341,4355,3965
emb16_g8_e16_mean,20,5,889,0.5965556831228473,0.6007943713055729,0.9972088140948336,0.7489313208057232,0.5810844892812106,4355,3965
emb16_g8_e32_mean,20,5,1257,0.6119402985074627,0.6163439109027055,0.9973956584277139,0.7609583940568857,0.5969735182849937,4355,3965
emb16_g8_e64_mean,20,5,1993,0.6158438576349025,0.6190906542313854,0.9967791101445579,0.7630321483711604,0.5994955863808323,4355,3965
emb16_g8_e128_mean,20,5,3465,0.6222732491389208,0.6247775264931985,0.9973168999227737,0.7676045553194436,0.6060529634300126,4355,3965
emb16_g8_e256_mean,20,5,6409,0.6197474167623421,0.622906173917807,0.9977217124843957,0.7664461158413433,0.6012610340479193,4355,3965
emb16_g16_e8_mean,20,5,1177,0.608955223880597,0.6135895091452053,0.9977750637756531,0.7590728745498074,0.594703656998739,4355,3965
emb16_g16_e16_mean,20,5,1489,0.609414466130884,0.613124008886578,0.997254652416937,0.7587871684290634,0.5924337957124842,4355,3965
emb16_g16_e32_mean,20,5,2113,0.6227324913892078,0.6260788749371318,0.9965161857357195,0.7686746904055012,0.6032786885245902,4355,3965
emb16_g16_e64_mean,20,5,3361,0.6275545350172216,0.6313971403116891,0.9980808937377634,0.7729289419490717,0.6088272383354351,4355,3965
emb16_g16_e128_mean,20,5,5857,0.6151549942594718,0.6174208925994854,0.9957826814640669,0.7619116415024005,0.6,4355,3965
emb16_g16_e256_mean,20,5,10849,0.618828932261768,0.6219651897676308,0.9976757216648298,0.7655689446522441,0.6032786885245902,4355,3965
emb16_g32_e8_mean,20,5,2505,0.5949483352468428,0.5987136745639888,0.9963969343168664,0.7472702819385798,0.5810844892812106,4355,3965
emb16_g32_e16_mean,20,5,3073,0.5954075774971297,0.597439434810017,0.9945057553630162,0.7460444204764963,0.5818411097099622,4355,3965
emb16_g32_e32_mean,20,5,4209,0.6112514351320322,0.6148476587982331,0.9968201681539886,0.7601272983293839,0.594703656998739,4355,3965
emb16_g32_e64_mean,20,5,6481,0.618828932261768,0.6217923378155575,0.9972872977129593,0.7654019410147402,0.6025220680958386,4355,3965
emb16_g32_e128_mean,20,5,11025,0.6202066590126292,0.6233333071371447,0.9976930472728709,0.7668744814983608,0.6047919293820934,4355,3965
emb16_g32_e256_mean,20,5,20113,0.6280137772675086,0.6312652972070166,0.9984511632998537,0.7730451956481923,0.6093316519546028,4355,3965
emb16_g64_e8_mean,20,5,6697,0.6144661308840413,0.6181383034389804,0.9966123395954865,0.7626049377002538,0.6017654476670871,4355,3965
emb16_g64_e16_mean,20,5,7777,0.609414466130884,0.6133837889206695,0.9968191487687992,0.7589471604746495,0.5967213114754099,4355,3965
emb16_g64_e32_mean,20,5,9937,0.6167623421354764,0.6202273391159678,0.9965524684355809,0.7642401642362175,0.6015132408575031,4355,3965
emb16_g64_e64_mean,20,5,14257,0.6158438576349025,0.6192468168533548,0.9965411172836838,0.7636106397241255,0.6030264817150063,4355,3965
emb16_g64_e128_mean,20,5,22897,0.6202066590126292,0.6237347645599989,0.9964731171104556,0.7668065766760205,0.6032786885245902,4355,3965
emb16_g64_e256_mean,20,5,40177,0.6156142365097589,0.6191412984905379,0.9969154000369167,0.763529446371883,0.5994955863808323,4355,3965
emb16_g128_e8_mean,20,5,21225,0.5942594718714121,0.5972458512273101,0.995795016685257,0.7460992313547968,0.5853720050441362,4355,3965
emb16_g128_e16_mean,20,5,23329,0.608955223880597,0.6121947785378709,0.996459845512201,0.7578896718865934,0.5952080706179067,4355,3965
emb16_g128_e32_mean,20,5,27537,0.6084959816303099,0.6118762462101855,0.9960347067987867,0.7574995907660478,0.5906683480453973,4355,3965
emb16_g128_e64_mean,20,5,35953,0.6110218140068886,0.6147879388097872,0.9973091231284209,0.7601682393293501,0.5941992433795712,4355,3965
emb16_g128_e128_mean,20,5,52785,0.6128587830080368,0.6156810104634599,0.9965154920650112,0.7607550855634356,0.5964691046658259,4355,3965
emb16_g128_e256_mean,20,5,86449,0.6149253731343284,0.617930956015461,0.9972895393989137,0.7627045946964496,0.5979823455233292,4355,3965
emb16_g256_e8_mean,20,5,74857,0.5834672789896671,0.5863968884760277,0.9958731494020072,0.7377348750404312,0.5730138713745271,4355,3965
emb16_g256_e16_mean,20,5,79009,0.6029850746268657,0.6067201972413153,0.9964560679527106,0.7538717803779973,0.587641866330391,4355,3965
emb16_g256_e32_mean,20,5,87313,0.6016073478760046,0.6060376633210645,0.9979458268520169,0.7535122474208789,0.587389659520807,4355,3965
emb16_g256_e64_mean,20,5,103921,0.6123995407577497,0.6163563111927395,0.9972457507124616,0.7611545735040427,0.5974779319041614,4355,3965
emb16_g256_e128_mean,20,5,137137,0.600459242250287,0.6041312613933156,0.9971526970957202,0.7518161053794152,0.5868852459016394,4355,3965
emb16_g256_e256_mean,20,5,203569,0.6206659012629162,0.6230917808866279,0.9962691721294253,0.766341885056674,0.6070617906683481,4355,3965
emb32_g8_e8_mean,20,5,1137,0.6009184845005741,0.6044162365906288,0.9961800327695672,0.7516400103122183,0.5866330390920554,4355,3965
emb32_g8_e16_mean,20,5,1321,0.6013777267508611,0.6054629207846441,0.9971836192728104,0.7529378385449345,0.587641866330391,4355,3965
emb32_g8_e32_mean,20,5,1689,0.6156142365097589,0.6191037560132254,0.9973652251220788,0.7632224352614139,0.598234552332913,4355,3965
emb32_g8_e64_mean,20,5,2425,0.6082663605051665,0.6122211592890099,0.9969748380032831,0.7579857040863152,0.5911727616645649,4355,3965
emb32_g8_e128_mean,20,5,3897,0.6105625717566016,0.6146521114990094,0.9980230102788551,0.7602555084259964,0.5952080706179067,4355,3965
emb32_g8_e256_mean,20,5,6841,0.6227324913892078,0.6266193008989576,0.99958499668208,0.7698512499752203,0.6090794451450189,4355,3965
emb32_g16_e8_mean,20,5,1737,0.598622273249139,0.6024682807289043,0.99640924054577,0.7504029890184553,0.5841109709962169,4355,3965
emb32_g16_e16_mean,20,5,2049,0.6039035591274398,0.6078532243504707,0.9965542349923416,0.7542695733094722,0.5858764186633039,4355,3965
emb32_g16_e32_mean,20,5,2673,0.6052812858783008,0.608906441389688,0.9962488922146517,0.7551728705158106,0.5894073139974779,4355,3965
emb32_g16_e64_mean,20,5,3921,0.6160734787600459,0.6199980166476172,0.997364016794218,0.7640709674775341,0.6005044136191677,4355,3965
emb32_g16_e128_mean,20,5,6417,0.617451205510907,0.6218640828450049,0.9988183797206864,0.7659826513576011,0.6002522068095839,4355,3965
emb32_g16_e256_mean,20,5,11409,0.6126291618828932,0.6166578637769099,0.9988025100063592,0.7620723899577243,0.5944514501891551,4355,3965
emb32_g32_e8_mean,20,5,3321,0.600459242250287,0.6035536848181082,0.996117802547533,0.7513722031631032,0.5823455233291299,4355,3965
emb32_g32_e16_mean,20,5,3889,0.6052812858783008,0.6092622502446773,0.9976279246889606,0.7559490508110737,0.5939470365699874,4355,3965
emb32_g32_e32_mean,20,5,5025,0.6140068886337543,0.617769923862257,0.9968504238186073,0.76251800034504,0.6005044136191677,4355,3965
emb32_g32_e64_mean,20,5,7297,0.6192881745120551,0.6225428739760903,0.9966766547629875,0.7659553319458579,0.6047919293820935,4355,3965
emb32_g32_e128_mean,20,5,11841,0.62548794489093,0.6292608717818167,0.9969730881657246,0.7710849425488681,0.6110970996216898,4355,3965
emb32_g32_e256_mean,20,5,20929,0.618828932261768,0.6222759621545284,0.9976527530565551,0.7660848257761325,0.6020176544766709,4355,3965
emb32_g64_e8_mean,20,5,8025,0.6013777267508611,0.605252345370778,0.9967457324962617,0.752475691979609,0.5896595208070617,4355,3965
emb32_g64_e16_mean,20,5,9105,0.608036739380023,0.6116921813255577,0.9971381422679719,0.7576894621694931,0.5939470365699874,4355,3965
emb32_g64_e32_mean,20,5,11265,0.6039035591274398,0.6067561410558633,0.9956988303973846,0.7535590412324631,0.5914249684741488,4355,3965
emb32_g64_e64_mean,20,5,15585,0.6096440872560276,0.6121156001260868,0.9964220707881752,0.7579310761215974,0.5939470365699874,4355,3965
emb32_g64_e128_mean,20,5,24225,0.6202066590126292,0.6239469134315422,0.9981098494868165,0.7675301238791298,0.6050441361916772,4355,3965
emb32_g64_e256_mean,20,5,41505,0.6158438576349025,0.6185074678243175,0.9950522087458014,0.7624781339155032,0.5994955863808323,4355,3965
emb32_g128_e8_mean,20,5,23577,0.5823191733639494,0.5856633268340861,0.9964581035747799,0.7363557645949779,0.5717528373266079,4355,3965
emb32_g128_e16_mean,20,5,25681,0.608955223880597,0.6128925857344809,0.9972772786461904,0.7585054217275584,0.5959646910466583,4355,3965
emb32_g128_e32_mean,20,5,29889,0.6043628013777268,0.6078263757242409,0.9967400669668376,0.7546178265554201,0.5899117276166457,4355,3965
emb32_g128_e64_mean,20,5,38305,0.5938002296211251,0.5969608551284534,0.9968245628742131,0.7463137791252817,0.5805800756620428,4355,3965
emb32_g128_e128_mean,20,5,55137,0.6055109070034443,0.6085615589229513,0.9968061486391001,0.7552015480327214,0.5904161412358133,4355,3965
emb32_g128_e256_mean,20,5,88801,0.61699196326062,0.6199428028316853,0.9969984864872284,0.7640965260741225,0.6002522068095839,4355,3965
emb32_g256_e8_mean,20,5,79257,0.5993111366245695,0.6032360444275059,0.9971529747557604,0.7511135284352928,0.5863808322824716,4355,3965
emb32_g256_e16_mean,20,5,83409,0.6009184845005741,0.6042134532278218,0.9958549920406877,0.7514192176459901,0.5896595208070617,4355,3965
emb32_g256_e32_mean,20,5,91713,0.6096440872560276,0.6133459714382137,0.9968460386589783,0.7588894347407311,0.5972257250945776,4355,3965
emb32_g256_e64_mean,20,5,108321,0.6091848450057405,0.6122692643595335,0.9963438063733366,0.7576901251016579,0.5936948297604036,4355,3965
emb32_g256_e128_mean,20,5,141537,0.5983926521239954,0.6022893571536199,0.9975048461968729,0.7506170236796842,0.5896595208070617,4355,3965
emb32_g256_e256_mean,20,5,207969,0.6103329506314581,0.6136173358894125,0.9975577164733935,0.7596245902652108,0.5989911727616646,4355,3965
emb64_g8_e8_mean,20,5,2001,0.5843857634902411,0.5878119331524208,0.9958743535706689,0.7378940891935238,0.5684741488020176,4355,3965
emb64_g8_e16_mean,20,5,2185,0.5995407577497129,0.60313285046983,0.9968855234291832,0.7507045649362535,0.5823455233291299,4355,3965
emb64_g8_e32_mean,20,5,2553,0.6103329506314581,0.613827048453181,0.9965273153002211,0.7589350564509241,0.592938209331652,4355,3965
emb64_g8_e64_mean,20,5,3289,0.617451205510907,0.6199397362970187,0.9961420091998037,0.7636568383894807,0.5997477931904162,4355,3965
emb64_g8_e128_mean,20,5,4761,0.6234213547646383,0.6269682617073009,0.9977316774877097,0.7694653369142193,0.603530895334174,4355,3965
emb64_g8_e256_mean,20,5,7705,0.6149253731343284,0.6169103859506441,0.9969727152055229,0.7617340117103637,0.5977301387137453,4355,3965
emb64_g16_e8_mean,20,5,2857,0.6006888633754306,0.6041251742743963,0.9956773916624793,0.7509770617667625,0.5828499369482976,4355,3965
emb64_g16_e16_mean,20,5,3169,0.6045924225028703,0.6069758020902483,0.9950690281184392,0.7535093553403903,0.5871374527112232,4355,3965
emb64_g16_e32_mean,20,5,3793,0.6045924225028703,0.6080014809681158,0.9968222857333938,0.7548385575310865,0.5848675914249685,4355,3965
emb64_g16_e64_mean,20,5,5041,0.6013777267508611,0.604792132418233,0.997000882463501,0.7522381053241198,0.5858764186633039,4355,3965
emb64_g16_e128_mean,20,5,7537,0.6133180252583238,0.6165395951988653,0.997650078758794,0.7617248837840528,0.594703656998739,4355,3965
emb64_g16_e256_mean,20,5,12529,0.6213547646383467,0.6239529956330594,0.9969652159428082,0.7670215993560546,0.6017654476670871,4355,3965
emb64_g32_e8_mean,20,5,4953,0.5983926521239954,0.6018166369238297,0.9961876298792711,0.7499651676895815,0.5861286254728878,4355,3965
emb64_g32_e16_mean,20,5,5521,0.6016073478760046,0.6043652103302358,0.9964709669577696,0.7517559345370866,0.5846153846153846,4355,3965
emb64_g32_e32_mean,20,5,6657,0.5983926521239954,0.601890650697083,0.9976904040119637,0.7502617112860642,0.5848675914249685,4355,3965
emb64_g32_e64_mean,20,5,8929,0.6195177956371987,0.6229296418735849,0.9967260346822117,0.7659771965668652,0.6030264817150063,4355,3965
emb64_g32_e128_mean,20,5,13473,0.6208955223880597,0.6240095307312691,0.9969329755511968,0.7672009064028671,0.6030264817150063,4355,3965
emb64_g32_e256_mean,20,5,22561,0.6197474167623421,0.6230344749824479,0.9972650304244689,0.7665285281769266,0.6022698612862547,4355,3965
emb64_g64_e8_mean,20,5,10681,0.600459242250287,0.6038998636263166,0.9972292505899389,0.7514649542562922,0.5861286254728878,4355,3965
emb64_g64_e16_mean,20,5,11761,0.5960964408725603,0.5990392560991935,0.9961044349897317,0.7478001116455655,0.5790668348045397,4355,3965
emb64_g64_e32_mean,20,5,13921,0.5995407577497129,0.6035532517327719,0.9967528648331007,0.7513467880471348,0.587641866330391,4355,3965
emb64_g64_e64_mean,20,5,18241,0.5997703788748565,0.6026613228301814,0.9965303716840416,0.7508654746802064,0.5881462799495586,4355,3965
emb64_g64_e128_mean,20,5,26881,0.609414466130884,0.6128400601504173,0.9972730911027538,0.7589578760519845,0.5936948297604036,4355,3965
emb64_g64_e256_mean,20,5,44161,0.6197474167623421,0.6228082795768445,0.9961344784481314,0.7659667711271161,0.6050441361916772,4355,3965
emb64_g128_e8_mean,20,5,28281,0.6029850746268657,0.6066185060680377,0.9964837510248257,0.7534520920103881,0.5914249684741488,4355,3965
emb64_g128_e16_mean,20,5,30385,0.6027554535017221,0.6061527900897911,0.9963313520651889,0.753481079134198,0.5891551071878941,4355,3965
emb64_g128_e32_mean,20,5,34593,0.5974741676234213,0.6014324342612549,0.9971572547166776,0.7499217774144677,0.5833543505674653,4355,3965
emb64_g128_e64_mean,20,5,43009,0.5988518943742824,0.6016386458973668,0.9956392430084042,0.7497792673719726,0.5901639344262295,4355,3965
emb64_g128_e128_mean,20,5,59841,0.5993111366245695,0.6022859383631833,0.9967641039723621,0.7506145421461907,0.5886506935687263,4355,3965
emb64_g128_e256_mean,20,5,93505,0.6107921928817451,0.6140633630591227,0.9965323013705866,0.75955769077057,0.5936948297604036,4355,3965
emb64_g256_e8_mean,20,5,88057,0.5887485648679679,0.591354168907391,0.9958704880474332,0.7414914905741959,0.5755359394703657,4355,3965
emb64_g256_e16_mean,20,5,92209,0.6002296211251436,0.6034730060517547,0.9961894270927663,0.7509837403213949,0.5868852459016394,4355,3965
emb64_g256_e32_mean,20,5,100513,0.5988518943742824,0.6019878983448214,0.9962111225423025,0.7499992556427018,0.5861286254728878,4355,3965
emb64_g256_e64_mean,20,5,117121,0.6114810562571756,0.6147810976071564,0.9963988030744795,0.7597155995816851,0.6005044136191677,4355,3965
emb64_g256_e128_mean,20,5,150337,0.5993111366245695,0.6023343052024359,0.9959443772238302,0.7502136105763997,0.5853720050441362,4355,3965
emb64_g256_e256_mean,20,5,216769,0.6006888633754306,0.6031785453504752,0.9960732149585331,0.7512548847191206,0.5846153846153846,4355,3965
emb128_g8_e8_mean,20,5,3729,0.5938002296211251,0.598220990743293,0.9972709531236513,0.7475214390399632,0.5805800756620428,4355,3965
emb128_g8_e16_mean,20,5,3913,0.5795637198622273,0.5824506430124079,0.9955137419119453,0.7342004518653952,0.5651954602774275,4355,3965
emb128_g8_e32_mean,20,5,4281,0.6151549942594718,0.6185905506058145,0.9966277557908791,0.7628379306593941,0.5979823455233292,4355,3965
emb128_g8_e64_mean,20,5,5017,0.6128587830080368,0.6168614570420979,0.9976834373035822,0.7617971450446881,0.594703656998739,4355,3965
emb128_g8_e128_mean,20,5,6489,0.6218140068886338,0.6260574580436223,0.9977659724071593,0.7688161152388506,0.605296343001261,4355,3965
emb128_g8_e256_mean,20,5,9433,0.6176808266360505,0.6212264518581185,0.9965133823887863,0.7646554129915482,0.6025220680958386,4355,3965
emb128_g16_e8_mean,20,5,5097,0.5938002296211251,0.598207914451057,0.9976304610477368,0.7474681690053254,0.5775535939470365,4355,3965
emb128_g16_e16_mean,20,5,5409,0.5836969001148106,0.5872372002444827,0.9964006662253211,0.7379950456162212,0.5699873896595208,4355,3965
emb128_g16_e32_mean,20,5,6033,0.6071182548794489,0.6106957209156446,0.9968621503829609,0.7567752205128524,0.5896595208070617,4355,3965
emb128_g16_e64_mean,20,5,7281,0.6078071182548794,0.610925934875931,0.9960837721741181,0.7569624500522277,0.5916771752837326,4355,3965
emb128_g16_e128_mean,20,5,9777,0.6133180252583238,0.6170964138428224,0.9972491075842342,0.7619648037621789,0.5954602774274905,4355,3965
emb128_g16_e256_mean,20,5,14769,0.6146957520091848,0.6179640379794132,0.9969505538914378,0.7626163767635645,0.5979823455233292,4355,3965
emb128_g32_e8_mean,20,5,8217,0.5676234213547646,0.5710621976514736,0.996672847138342,0.723750151049649,0.5558638083228247,4355,3965
emb128_g32_e16_mean,20,5,8785,0.5958668197474167,0.5984936086224787,0.9952080934250525,0.7471370246758247,0.5800756620428752,4355,3965
emb128_g32_e32_mean,20,5,9921,0.5972445464982779,0.5992648957613278,0.9948680778693862,0.7478638141066133,0.5836065573770491,4355,3965
emb128_g32_e64_mean,20,5,12193,0.6016073478760046,0.605244947627367,0.9973035839751924,0.7526756907586519,0.5846153846153846,4355,3965
emb128_g32_e128_mean,20,5,16737,0.6140068886337543,0.6166974043908798,0.9957849209962109,0.7613400230333586,0.598234552332913,4355,3965
emb128_g32_e256_mean,20,5,25825,0.609873708381171,0.6131812710245137,0.9968501229913764,0.7589250975461684,0.5919293820933165,4355,3965
emb128_g64_e8_mean,20,5,15993,0.5944890929965557,0.5985897453910972,0.9974043164577084,0.7471742939336806,0.5773013871374527,4355,3965
emb128_g64_e16_mean,20,5,17073,0.6061997703788748,0.6095103409779432,0.9964606791240471,0.7558698225578029,0.5901639344262295,4355,3965
emb128_g64_e32_mean,20,5,19233,0.6126291618828932,0.6161706330697974,0.9966712991126857,0.7612506488423533,0.5967213114754099,4355,3965
emb128_g64_e64_mean,20,5,23553,0.6045924225028703,0.6074743647645133,0.9961724970082859,0.7545286333286633,0.5851197982345523,4355,3965
emb128_g64_e128_mean,20,5,32193,0.6013777267508611,0.6039706108664327,0.9968986134546878,0.7521428605748213,0.5881462799495586,4355,3965
emb128_g64_e256_mean,20,5,49473,0.6163030998851894,0.6197215054080887,0.9965766455938156,0.7638624612590235,0.6020176544766709,4355,3965
emb128_g128_e8_mean,20,5,37689,0.5988518943742824,0.6017764553735404,0.9956125338774243,0.7495591889819734,0.5838587641866331,4355,3965
emb128_g128_e16_mean,20,5,39793,0.6048220436280137,0.6082975956524428,0.9964854826245736,0.7549751460606726,0.5919293820933165,4355,3965
emb128_g128_e32_mean,20,5,44001,0.5912743972445464,0.5939999149522593,0.9956647537530807,0.7439626759430747,0.5775535939470365,4355,3965
emb128_g128_e64_mean,20,5,52417,0.5990815154994259,0.6017156826135827,0.995675220713446,0.7496051843026804,0.5853720050441362,4355,3965
emb128_g128_e128_mean,20,5,69249,0.6039035591274398,0.606850573463279,0.995637141937563,0.7536292555111807,0.5896595208070617,4355,3965
emb128_g128_e256_mean,20,5,102913,0.6013777267508611,0.6044427385920008,0.9964834635873132,0.7520152192024755,0.5846153846153846,4355,3965
emb128_g256_e8_mean,20,5,105657,0.5960964408725603,0.5992627123287019,0.9968856325757842,0.7477883822816984,0.5853720050441362,4355,3965
emb128_g256_e16_mean,20,5,109809,0.5960964408725603,0.5989984824093685,0.9959147138265905,0.7475836795694768,0.5851197982345523,4355,3965
emb128_g256_e32_mean,20,5,118113,0.600459242250287,0.6029690546516163,0.997204137463026,0.7511350938763879,0.5866330390920554,4355,3965
emb128_g256_e64_mean,20,5,134721,0.6025258323765786,0.6058035190733497,0.9960257028799712,0.7528732659878268,0.5921815889029004,4355,3965
emb128_g256_e128_mean,20,5,167937,0.6091848450057405,0.6122479726056091,0.9960096587384063,0.7579171219456005,0.5954602774274905,4355,3965
emb128_g256_e256_mean,20,5,234369,0.6052812858783008,0.6088603224898885,0.9968626871149194,0.7557513090891905,0.5894073139974779,4355,3965
emb256_g8_e8_mean,20,5,7185,0.5462686567164179,0.549077456459017,0.995529875102669,0.7039957215180012,0.5326607818411098,4355,3965
emb256_g8_e16_mean,20,5,7369,0.5983926521239954,0.6023782877354011,0.9971898246493627,0.7503434880117396,0.580327868852459,4355,3965
emb256_g8_e32_mean,20,5,7737,0.5958668197474167,0.5994637005955928,0.9972344850389344,0.7480802153643192,0.5790668348045397,4355,3965
emb256_g8_e64_mean,20,5,8473,0.6110218140068886,0.6148880330121571,0.9980696263144841,0.7605363978418177,0.5899117276166457,4355,3965
emb256_g8_e128_mean,20,5,9945,0.6213547646383467,0.6251448261857669,0.9977225381436846,0.768211067138305,0.6047919293820934,4355,3965
emb256_g8_e256_mean,20,5,12889,0.6195177956371987,0.6232198495256601,0.9977220966534324,0.7666251921013005,0.6047919293820934,4355,3965
emb256_g16_e8_mean,20,5,9577,0.6013777267508611,0.6053580514848038,0.9967046959693739,0.7524886875564227,0.5896595208070617,4355,3965
emb256_g16_e16_mean,20,5,9889,0.5933409873708381,0.5965836059415652,0.9964662058547722,0.7458439618347111,0.5778058007566205,4355,3965
emb256_g16_e32_mean,20,5,10513,0.5933409873708381,0.5971422063715187,0.9964067326517654,0.7463774398307134,0.5808322824716268,4355,3965
emb256_g16_e64_mean,20,5,11761,0.5995407577497129,0.6034887824314237,0.9973082042422963,0.7516798143355704,0.5833543505674653,4355,3965
emb256_g16_e128_mean,20,5,14257,0.6119402985074627,0.6149184616214609,0.9969298344358243,0.7601868904358529,0.5931904161412358,4355,3965
emb256_g16_e256_mean,20,5,19249,0.6144661308840413,0.6177724907382466,0.9976452060734529,0.7624118822376661,0.5974779319041614,4355,3965
emb256_g32_e8_mean,20,5,14745,0.598622273249139,0.6019874332533023,0.9965605360034948,0.7500692641580988,0.580327868852459,4355,3965
emb256_g32_e16_mean,20,5,15313,0.5967853042479908,0.5994348986678911,0.995646556884594,0.7479814509979581,0.5800756620428752,4355,3965
emb256_g32_e32_mean,20,5,16449,0.5869115958668197,0.5900808568598844,0.9968248970268384,0.7410385077645738,0.5707440100882724,4355,3965
emb256_g32_e64_mean,20,5,18721,0.6039035591274398,0.6071720042895967,0.9968079127288195,0.7542963776974557,0.5857472442963343,4355,3901
emb256_g32_e128_mean,20,5,23265,0.6179104477611941,0.6218526097300432,0.9981622179310213,0.7659084943152245,0.5994955863808323,4355,3965
emb256_g32_e256_mean,20,5,32353,0.6091848450057405,0.6131178346202825,0.9977110626774077,0.7589171915206041,0.5901639344262295,4355,3965
emb256_g64_e8_mean,20,5,26617,0.6146957520091848,0.6176510476925676,0.994653253346498,0.761476835187674,0.6020176544766709,4355,3965
emb256_g64_e16_mean,20,5,27697,0.5944890929965557,0.5988088634942713,0.9977134207052538,0.7478538488005957,0.5813366960907944,4355,3965
emb256_g64_e32_mean,20,5,29857,0.5979334098737084,0.6014200125461405,0.9965232496329233,0.7497617210283322,0.5833543505674653,4355,3965
emb256_g64_e64_mean,20,5,34177,0.5974741676234213,0.6006754735031204,0.9965407150574636,0.749287259049897,0.5843631778058007,4355,3965
emb256_g64_e128_mean,20,5,42817,0.6045924225028703,0.6075100890928727,0.9957633675571177,0.7542242826427737,0.5896595208070617,4355,3965
emb256_g64_e256_mean,20,5,60097,0.6011481056257175,0.6035477652559078,0.996096311691167,0.7513434655235903,0.5848675914249685,4355,3965
emb256_g128_e8_mean,20,5,56505,0.5928817451205511,0.5966844537378142,0.9968526497328443,0.7462327470207056,0.5778005639579595,4355,3901
emb256_g128_e16_mean,20,5,58609,0.5938002296211251,0.5970516446114636,0.9971626701732063,0.7464591077456691,0.5800756620428752,4355,3965
emb256_g128_e32_mean,20,5,62817,0.5972445464982779,0.600666614204755,0.9969108715867918,0.7493073966314924,0.5808322824716268,4355,3965
emb256_g128_e64_mean,20,5,71233,0.5970149253731343,0.6003742032398898,0.996795736379194,0.7491236664992631,0.5831021437578815,4355,3965
emb256_g128_e128_mean,20,5,88065,0.5988518943742824,0.6018834798734093,0.9964918574366427,0.7501762127093609,0.5863808322824716,4355,3965
emb256_g128_e256_mean,20,5,121729,0.6,0.60318725780696,0.9965111092969178,0.7513587625250314,0.5863808322824716,4355,3965
emb256_g256_e8_mean,20,5,140857,0.5717566016073479,0.5746089880992914,0.99539771207451,0.7277016631765366,0.5576292559899118,4355,3965
emb256_g256_e16_mean,20,5,145009,0.5898966704936854,0.5935546616758002,0.9975235065440645,0.7438843341094226,0.5780580075662043,4355,3965
emb256_g256_e32_mean,20,5,153313,0.59150401836969,0.5941284850713575,0.9958905404054929,0.7437434978047643,0.578562421185372,4355,3965
emb256_g256_e64_mean,20,5,169921,0.6,0.6038118676321342,0.9977075947063749,0.7516849155653812,0.5863808322824716,4355,3965
emb256_g256_e128_mean,20,5,203137,0.5979334098737084,0.6006412238182731,0.9957239005196687,0.7488608019408594,0.5841109709962169,4355,3965
emb256_g256_e256_mean,20,5,269569,0.6050516647531573,0.6083040345411531,0.996810737058881,0.7548658926825751,0.5931904161412358,4355,3965
